id,name,phone
1728513,Laura Byrd,001-291-295-5118x882
1697793,Kayla Carroll,910-808-0810
1650691,Joshua Davis,+1-933-319-5592x44240
1740804,Katelyn Johnson,466.993.4443x7694
1665029,Dr. Ryan Young,001-997-396-1139x11848
1730568,Gregory Patterson,3908419532
1667081,John Nelson,+1-449-652-0137
1656843,Jeffrey Allen,001-656-275-6797x55137
1728526,Emily Wilson,(717)534-0428x966
1695764,Meredith Davis,253-904-0894x5109
1736724,Elizabeth Bruce,001-270-339-6357x8216
1652759,Samuel Reynolds,580.948.7111x9474
1712152,Brittney Mccoy,800-762-8649x673
1665051,Michael Norris,902-763-6852x460
1746971,Kristina Rogers,221-846-2665
1660956,Jordan Williams,001-991-929-7615x24617
1728546,Garrett Murray,(493)869-5404x654
1701922,Teresa Mendez,+1-530-322-1164x691
1663010,Mary Jacobs,523.342.7314
1738786,Christopher Wagner,(414)336-2682x983
1718311,Kenneth Smith,244.288.3906x11141
1695786,Bruce Cook,9472999968
1736748,Jason Burgess,(996)549-2898x9462
1673262,Alexandra Jackson,937.397.5749x8014
1669171,Danielle Strickland,271.759.7511x0313
1736755,Morgan Edwards,+1-394-345-2615x36148
1722421,Daniel Rojas,(824)508-5214
1734711,Jared Jackson,(838)460-9055
1726520,Christina Robinson,325.207.9297
1687610,Russell Rubio,+1-815-812-0738x30028
1683515,Richard Smith,001-990-492-8838
1667131,Melissa Torres,001-493-961-6334x6939
1656895,Lisa Cowan,530.437.5487
1726528,Gloria Bailey,883-813-3079x87458
1722436,Michelle Jones,289-794-2298x22879
1656901,Andrew Shields,+1-257-735-9856x9011
1736774,Lisa Chen,001-690-250-9369x172
1712202,Mrs. Jennifer Ryan,851-483-7247x3036
1726540,Karen Cordova,001-919-778-4751x5962
1683533,Jeremiah Franklin,542-682-2359
1747022,Andrew Potts,2467561304
1687631,Justin Haynes,+1-466-377-3417x310
1742928,Shaun Lopez,(508)813-4774
1661005,Kaitlyn Short,2883336332
1714261,Amanda Mcknight,310.214.5846x2296
1671253,Larry Jackson,246-438-8111x99787
1728600,Karla Williams,898.378.0645x5751
1683545,Ebony Wilcox,(543)396-2975x96551
1658970,Rachel Lee,772-740-1527
1656925,Alexandra Pearson,+1-484-607-0050
1661021,Theresa Sampson,(961)678-4873
1654881,Julie Jenkins,8888030939
1714275,Elizabeth Saunders,001-263-393-8526
1654884,James Mason,+1-238-998-4558
1734759,Brenda Graham,3954478726
1699947,Joshua Brown,+1-329-305-8341x1658
1712236,Brenda Wolf,(212)960-0033
1742958,Emily Molina,+1-721-518-5983x62142
1726575,Corey Arnold,+1-373-956-1538
1673331,Melissa Weaver,(620)286-5330x6284
1704051,Megan Andrews,(249)667-3967x654
1675380,Brian Washington,001-216-232-5375
1749110,Susan Wilson,+1-791-341-2867
1747065,Meredith Anderson,+1-242-947-5123x092
1738873,Cole Chavez,812-798-1468
1683579,Claire Wall,816.860.0126
1654908,Christopher Ball,705.382.4778
1673337,James Bell,4942200528
1732735,Maria Ramos,369.943.0995x22365
1663106,Joseph Ortiz,(595)941-5689
1720450,Jessica Martin,4554796296
1659013,Lindsay Thomas,2607370837
1724550,Dustin Bradford,3795524412
1706119,Katherine Aguilar,887.821.7057x2947
1699979,Steven Chan,(671)509-3625
1652876,Julie Mayer DVM,425.411.9148x89349
1697942,Karen Hayes,993.873.6120
1681563,Michelle Robinson,001-830-676-5943x39772
1679515,Stephen Moore,+1-970-378-2565x08608
1683612,Jennifer Doyle,001-354-993-8200
1710238,Ryan Barker,821.204.9637
1661087,Kyle Brown,755-590-2672
1740960,Kayla Morales,+1-597-290-4915x2405
1654939,Victoria Ford,+1-863-533-2599x0168
1700000,David Thompson,001-723-582-3157x806
1702051,Joseph Gordon,+1-434-815-4581x2498
1665188,Anthony Duncan,+1-249-456-7436
1722533,Seth Hall,(409)751-1409x7946
1663140,Roger Watkins,560-502-3918x193
1740969,Ana Wilson,+1-406-434-8355x9988
1650859,Curtis Stevens,953.503.0986
1661100,Charles Romero,(380)782-0714x76533
1704108,James Nguyen,778-419-9920
1700017,Lisa Baker,7988268900
1706166,Calvin Allen,8399856570
1677495,Carla Allen,668-384-6262
1659064,Keith Taylor,739-253-7768
1693885,Sierra Gonzalez,330-868-4807
1726656,Autumn Reyes,8299056809
1693888,Daniel Williams,852.352.5551x8959
1712324,Mary Pierce,813.525.6471x641
1671366,April Berry,669.989.0543
1745096,Christine Smith,260.839.8276x331
1726668,Mary Freeman,5647146188
1650892,Shannon Chandler,960-510-8062
1743053,Jonathan Wheeler,479.755.0397x48125
1745108,Jeffrey Brown,+1-323-690-5575x355
1665236,Craig Hudson,4499136563
1732825,Stephanie Frost,748-865-1379
1722586,James Davis,+1-481-381-8385
1738972,William Jones,312.536.5626
1663201,Ronald Wade,515-546-1768
1728740,Elizabeth Kim,6275615071
1652965,Michael Kennedy,+1-644-476-7455x46534
1700070,Christine Martin,+1-728-583-1164
1726695,Michael Johnson,+1-206-422-1426x0631
1687787,Brian Taylor,(364)837-3518
1738991,Matthew Townsend,001-332-851-5640
1726704,John Delgado,8699034054
1724655,Jennifer Hill,(710)351-5143x863
1669362,Nicholas Russell,224.710.0453x13446
1706227,Cheryl Peterson,210.474.5670x11759
1693940,Mitchell Aguilar,(862)487-2258
1669365,Thomas Stewart,689.699.7346x19434
1677559,Michael Diaz,4828339318
1693944,Jenna Mullins,001-314-907-8073x59449
1657082,Jamie Morris,001-684-698-5378x9989
1669374,Amy Stewart,+1-920-471-0993x06504
1732867,Stephanie Lucas,(518)447-2254x8745
1741063,James Willis,6286567946
1702153,Haley Hunter,497-501-2830x004
1734922,Theresa Ayers,001-275-738-3158x3610
1743114,George White,(410)323-4525x3376
1653005,John Thompson,(279)352-5122x2494
1687822,Michael Henderson,502-593-8239
1696013,Albert Willis,711-800-0273x851
1689873,Gregory Lam,561-398-2239x877
1726738,Mr. Travis Alvarez,001-295-439-0995
1702162,Gary Klein,2255904333
1718546,Cameron Thompson DDS,6606836721
1663254,Lisa Lamb,+1-482-401-6647x2738
1716504,Angela Lowe,+1-738-760-0264x6364
1673503,Randy Wagner,483-410-7693
1702180,Lauren Reed,+1-365-581-9834
1696037,Jerry Clark,(645)496-4240
1675556,Daniel Santiago,297-328-3582x5910
1745194,Kelly Newman,878.925.5999
1749295,Nancy Jones,(443)449-6035
1741107,Gregory Rodriguez,001-286-567-5309x0668
1696052,Gregory Smith,897-328-4001x65915
1698099,Sara Greer,278.248.9963
1694008,Robert Mejia,345.519.6288x301
1671482,Theresa Jacobs,510-564-7244x146
1702204,Dustin Lamb,645.766.6055
1749308,Brian Phillips,814-468-8736x0713
1653054,Kyle Mccormick,451-935-7364
1659197,Trevor Case,+1-274-510-8572x4754
1677633,Donna Ortiz,233-753-5090
1741123,Stephanie Perez,676-367-9804x63366
1739076,Joseph Swanson,+1-205-568-8601x187
1696070,Lee Lopez,(616)292-1581x536
1675591,Henry Martinez,+1-778-837-5404
1718600,Jessica Mcgee,743-298-7414x652
1728840,Matthew Mcdonald,8969860641
1685832,Angel Hardin,555.525.1315x80052
1675597,Logan Johnson,001-221-428-9536x7044
1671503,Tyler Dennis,843.394.9774x01913
1698128,Sarah Ellis,334.531.6109x342
1673555,Fernando Hall,(813)510-8370x992
1739094,Cynthia Tate,835-597-0981x13128
1661272,Julia Watson,588-515-1696x05441
1716572,Eric Casey,(940)784-6890x71648
1735006,Craig Phillips,434.811.8877x8028
1694050,Tonya Briggs,762-335-9244x16724
1669478,Jay Green,001-203-637-0126x98812
1741160,Darrell Gonzalez,(947)909-8909x14339
1692008,Scott Mason,376-931-8706x3615
1700200,Matthew Burgess,(402)741-2199
1710443,Mr. Jacob Robbins Jr.,001-960-877-8439x4585
1722732,Michelle Faulkner,511-858-8010
1681773,Kimberly Rich,+1-258-350-2119x6667
1730927,Gerald Harris,+1-871-544-5046x98463
1689967,Darrell Stark,001-379-419-7133x7563
1722737,Brandon Mccoy,7566625709
1710448,Christine Phillips,7403726594
1671540,Kelly Smith,+1-295-947-9679
1694070,Misty Gibson,(788)808-2577x91454
1683832,Danielle Atkinson,+1-592-432-7220x405
1747321,Keith Stewart,+1-283-906-2805
1722745,James Hughes,001-899-609-2158x5258
1692029,Michele Brown,(334)558-4349x28404
1712510,Teresa Butler,+1-463-456-9564
1687935,Andrew Ellis,001-622-320-3508x874
1737087,Jordan Boyd,(529)911-9260x1855
1653125,Ralph Hammond,001-589-257-7062
1747335,Marie Bush,276-882-4753
1665416,Taylor Anderson,970-476-5572
1661320,Catherine Roach,(768)748-3393x09849
1683852,Xavier Smith,+1-442-618-9102x0762
1702285,Michelle Bruce,(448)263-3252x589
1651088,Charles Williams,(237)407-6811x1177
1700241,Carla Martinez,407.740.3491x4458
1722772,Thomas Ramos,932-939-8051x910
1700249,Larry Conrad,289.770.0058x02339
1665436,William Cain,(803)333-7841x73394
1728925,Austin Green,001-944-943-8678x813
1726878,Terry Johnson,503-774-5060
1683870,Joseph Smith,(418)446-1104
1683871,Sandra Jenkins,(438)216-4702x3109
1706402,Brenda Hayes,568-967-4829x5447
1741222,Ryan Hays,(615)809-7939x7151
1745320,Victor Brock,001-509-852-1913x06320
1661353,Julia Black,898.733.7934x3645
1702314,Michelle Rogers,934-465-0578x35674
1714603,John Potts,(758)473-7082x30068
1747372,Victoria Andrews,987.736.1731
1708461,Jessica Huff,001-507-233-4297x0791
1741228,Vanessa Davis,(686)962-4560x795
1718703,Michele Burton,(740)733-4522
1733040,Wendy Ramirez,673-790-4402x902
1728951,Dave Tucker,(743)964-5153
1741240,Teresa Cunningham,543.896.2642
1704377,Timothy Reynolds,675-475-0425x5392
1737153,Pamela Murphy,495.741.9420
1745345,Jorge Jackson,001-964-611-0103x268
1722820,Betty Anderson,(722)768-7807x34854
1685956,Sarah Johnson,001-800-706-0730x779
1690054,Sheila Gray,(562)697-4690x404
1694151,Miguel Christian,587.443.3837
1700296,Christopher Osborn,(829)334-3437
1731014,Michael Ross,(839)544-0279
1733069,Kathleen Whitehead,402-743-5472x146
1692111,Donald Guzman,564.598.0849
1667536,Richard Holland,(701)407-3131
1714644,Austin Kim,001-219-604-3281
1651157,Robert Summers,+1-513-243-0351
1739222,John Garcia,684.491.8314x0778
1739224,Linda Macdonald,710.552.6942x340
1700313,Anthony Davis,305.805.1568x15415
1716698,Mr. Anthony Griffith IV,+1-827-507-4753x005
1653210,Scott Fitzpatrick,355.883.0421
1690073,Morgan Reyes,(406)494-2187
1669599,Ronald Austin,344-704-5165x980
1737187,Brandy Mcintosh,529.438.6309x154
1702371,Connie Jones DVM,254-214-9529x695
1667561,Kimberly Everett,740-610-2223x743
1708523,Kirk Wilson PhD,001-441-537-9037x070
1651184,Jeffrey Dunn,999-798-5164x339
1745392,Kimberly Molina DVM,5707231494
1671668,Charles Carpenter,794-334-5624
1722875,Tiffany Shelton,(701)677-5547x849
1702404,Debra Anderson,(689)583-4635x68744
1729028,Jeremy Moran,379.735.9923x995
1686022,Christina Smith,5364126401
1712648,Jennifer Brown,001-567-820-5916x26000
1741322,Garrett Powers,001-670-801-9111x57700
1688074,Nicholas Hogan,617-531-9499x119
1729038,John Gamble,428-219-4551
1683982,Harold Richardson,864-318-6813x458
1743377,Mrs. Diane Campbell,+1-891-954-8595x7823
1706514,Richard Graham,001-352-631-0220x243
1667603,Crystal Martinez,247-809-3385
1702420,Dustin Bautista,(264)716-7656x723
1708564,Barbara Buchanan,(775)942-8756x32710
1669654,Emily Smith,846.713.6944
1665559,Shane Reyes,+1-791-402-5533x78406
1675801,Vanessa Gonzales,420.747.0082
1714716,Nancy Hart,+1-407-691-2930x006
1733149,Joe Smith DVM,+1-693-257-4882x49427
1720864,Tina Foster MD,914.605.5649x67869
1704482,Marie Hines,+1-653-752-2095x600
1741353,Stephanie Cole,(662)539-5550
1729066,Bryan Cervantes,8182451528
1739308,Brent Stanley,001-640-951-9072
1729075,Lucas Hayes,(351)635-3566x95508
1686068,Garrett Conner,518-687-6211
1681979,Anthony Hardy,284.618.1533x2565
1690174,Colin Adkins,(255)704-0192
1665598,Dorothy Mclaughlin,+1-750-415-1541
1731135,Nicole Jones,(659)542-4006
1724990,Travis Davis,(315)306-4636x56419
1722946,Anita Davis,744-669-8365
1708611,Richard Smith,962-378-2190x38886
1657412,Nicholas Romero,+1-779-775-6486x566
1737286,Jason Ramos,001-738-292-4277
1677895,Samuel Clark,920-960-4574
1700423,Sandra Peters,001-795-290-3879x0097
1749574,Kevin Taylor,785.511.8099x167
1731147,Angelica Haas,896-869-1165x3592
1671760,Donna Turner,(439)457-1357x07886
1659474,Justin Webb,(680)349-8353
1722967,Shannon Mason,001-784-326-7485
1729112,Steven Collins,+1-609-838-0359x713
1710683,Katherine Green,2126201500
1653339,Joshua Chavez,(542)219-8638x203
1700443,Jessica Rivera,+1-810-287-6292
1688160,Deborah Moore,+1-372-927-9322x15003
1665643,Deanna Scott,001-301-486-0354x0204
1708655,Megan Patterson,811.532.0251x716
1733236,Patrick Anderson,7803434934
1686133,Phillip Johnson,001-855-678-1090x3815
1739382,Christopher Bolton,001-617-405-3957x0090
1706618,Nancy Neal,001-791-312-3171x160
1651327,Christine Marquez,599-557-2448x3693
1706624,Brianna Campbell,(231)668-9713x012
1731207,Ronald Friedman,285.932.3474
1669767,Jasmine Andrews,001-633-226-9843x221
1723017,Betty Moody,(373)673-7745x3040
1710730,David Wilcox,001-712-204-2129x6051
1653387,Sarah Campbell,663.943.9567x78493
1673867,Kylie Mcintosh,426.638.4230
1682061,John Harmon,001-761-352-4970x06470
1710734,Robert Walker,001-897-462-9712x178
1749647,Sean Lee,307-414-4900x08421
1657488,Clayton Taylor,001-475-679-7130x802
1749641,Shannon Love,001-904-210-9290x520
1706644,Brittney Turner,001-449-948-0831
1714836,Abigail Harrell,(899)590-4152
1680020,Laura Gordon,+1-219-856-7031
1702553,Gary Stevens,493.221.4439x720
1673882,Casey Huynh,(911)512-0407x9408
1725083,Dominic Castillo,443-540-0854x98764
1706656,Shelly Ayers,202.962.0559
1651364,Matthew Jones,5613288150
1659558,Amanda Booth,+1-768-384-8471x200
1733288,Morgan Ellis,2259443122
1657514,Katherine Gonzalez,666-482-9545x437
1677995,John Shaw,001-274-423-3842x629
1723051,Richard Franklin,304-382-6902x546
1702575,Justin Stone,001-908-388-4526x55902
1725105,Philip Reese,(584)928-2287x9457
1739441,Luke Shepherd,001-262-769-6905x539
1680049,Eugene Solis,001-871-408-2431x991
1725109,Michael Hernandez,+1-808-670-8561
1704631,Tiffany Butler,957.895.3386x916
1727163,Jesse Stevenson,980-955-0278x49132
1739456,Shawn Horton,414-640-9618
1667779,Miss Kathleen Porter DVM,(940)725-4262x112
1653443,David Fisher,(926)695-0580
1698502,Carmen Miller,9917800224
1667790,Steven Ochoa,001-544-636-4912x14921
1745618,Karen Oliver,+1-576-248-5809x600
1655506,Traci Manning,(272)290-1637x39592
1661652,Hailey Gallagher PhD,860-379-4485x009
1716949,Eric Smith MD,971.554.0081
1749717,Jonathan Russo,970-309-1528x7523
1729239,Lauren Stevens,(354)729-4255x08513
1669847,Lindsey Mccoy,916-853-9857x51882
1712859,Michael Powell,(377)277-6378x5521
1698523,Lynn Fuller,001-704-947-6023x7382
1671902,Christopher Miles,3152483628
1696479,Randy Lee,(671)663-8470
1661664,Bonnie Hernandez,001-252-703-9994x95508
1692384,Matthew Holloway,001-264-211-5596x05047
1680098,Traci Casey,001-224-330-9689x088
1659620,Raymond Fletcher,494-901-6833
1663717,David Werner,001-944-895-7494x953
1676006,Anthony Huber,718-858-4447x6866
1696489,Roberta Spencer,501-482-9694x8805
1669869,Allen Morrison,(268)982-7548
1716975,Mario Charles,538.869.3122
1704688,Christopher Zavala,+1-690-335-6347x095
1706736,Terry Peterson,944.615.2478x4713
1745650,Carrie Perez,(698)436-3240x4613
1733363,Kenneth White,(338)283-3595
1716980,Brandi Tucker,+1-287-733-7227x629
1667829,Amy Curtis,001-405-934-9112x40569
1665783,Jean Roberts,+1-365-759-0455x54999
1712887,Michele Alvarez,960.588.8331
1665790,Rachel Mayo,566-445-7358
1702654,Stacey Valenzuela,001-579-929-6240x9086
1684225,Adam Mathews,719.845.8639x4531
1743618,Robert Howard,+1-577-404-7580x9510
1727235,Daniel Williams,271.574.9158
1725187,Joseph Martin,922-362-2828
1747728,Charles Berry,(529)384-0298
1676050,Brandy Rivas,259.930.4880x129
1747731,Anthony Campbell,607.675.2928
1667859,Michael Harrison,580.419.2894x55627
1682196,Mckenzie Smith,3215462208
1680150,Michael Love,001-659-336-6351x06832
1694487,Cathy Ritter,8507628575
1700632,Ronnie Clark,+1-334-751-7546x189
1704728,Kaitlin Mclean,(484)531-0852
1717018,Jennifer Bauer,(406)814-4545
1698587,Angel Ellis,6589039351
1659676,Heidi Murphy,(944)527-9946
1667869,Jennifer Luna,(275)662-8100
1741598,Jennifer Castillo,+1-555-910-0569x6956
1692447,Danielle Moore,9573393485
1698595,Joshua Garza,449-457-1467x047
1655587,Richard Rios,294-204-5237x898
1663781,Cody Gibson,+1-608-500-5183x284
1714982,Amanda Johnson,+1-599-287-7862
1747751,Amber Perez,(527)867-3457
1657642,Jeremy Davis,855.565.1906
1676076,Debra Warren DDS,954-660-9768
1667885,Lori Meyer,001-978-841-1347x968
1686317,Maureen Watts,4908808975
1692466,Kelsey Knight,6984442497
1706803,David Peters,(373)433-8524x563
1704759,Cassandra Douglas,878-367-9735
1737528,Carol Parrish,(589)837-4460x972
1680185,Brian James,238-498-8472
1682240,Ian Cooper,787.313.5972
1727300,Kylie Jacobson,+1-374-951-6542
1708871,Shelley Estrada,+1-933-393-3654
1672008,Jerry Garcia,630-265-0436x140
1723208,Austin Brown,+1-378-227-7292x32334
1659722,Jill Clark,6116389132
1680202,Charlene Robertson,+1-599-453-3342x689
1745741,Andrew Howard,666.781.8207x5098
1721167,Ronald Hodges,(876)685-6124
1719119,Linda Williamson,886.514.9297x758
1676113,Susan Jackson,001-564-516-1341x577
1721169,Jonathon Lam,+1-770-362-9587x560
1672029,Amanda Khan,+1-462-912-2818x66952
1729374,Diane Williams,(470)599-1952
1712990,Mitchell Kim,561.299.0667x48586
1723229,Dominique Webster,(353)937-6934
1731425,Kendra Fisher,001-310-701-4287x142
1667933,Brenda Harmon,(690)468-5280
1682276,John Perkins,953-569-6463x389
1672036,Lisa Chapman,(583)679-0370x9876
1698662,John Jones,+1-281-504-6128
1731435,Sarah Wilson,333-496-2706
1676139,Kelli Hogan,(991)351-5290x877
1729389,Sylvia Richardson,+1-940-699-0259x9676
1682289,Julie Green,241-371-5490
1702771,Ann Torres,749-256-2285x6194
1717110,Michaela Ramirez,280-300-5600x9928
1653623,Emily Singleton,957-247-5468x453
1698680,Joshua Marshall,776.629.0144
1676153,Carla Roberts,(879)305-8195
1688444,Tammy Morgan,235.971.6654x565
1706881,Heidi Flores,470.341.5195x0552
1678212,David Howard,6435123396
1663877,Christopher Diaz,(686)624-7266x0632
1708939,Morgan Medina,684.710.8131
1657743,Samantha Carter,(678)252-1489
1737616,Christopher Jones,001-493-383-1870x361
1723287,Susan Chung,493-893-1099x0781
1655706,Kristina Wright,001-496-770-2023x38078
1694619,Brooke Nelson,001-842-954-8189
1657758,Donna Mendez,619.465.0962
1704863,Cynthia Gonzalez,8957467782
1749919,Jennifer Davis,669-755-7786x3021
1665952,Amanda Johnson,(335)847-5598
1670050,Tiffany Alvarez,(496)488-5196x800
1715109,Ms. Catherine James,720.338.7473x22474
1661863,Kathryn Wilson,208.916.8472x49807
1721261,Elizabeth Stewart,(392)648-0118x88799
1737648,Bonnie Wiggins,(463)541-7505x8326
1684403,Christina Allen,221.946.0510
1672116,Brian Lawson,(623)748-1850x46349
1729463,Stephanie Bradshaw,001-699-512-8228x23055
1733562,David Brown Jr.,001-915-872-9576x510
1715132,Dylan Brown,+1-841-301-3131x8769
1700796,Randy Hooper,225.321.0944
1729468,John Lewis,9672588504
1747903,Samantha Hughes,+1-628-670-4690x79999
1665984,Cesar Villa,(545)278-8450x511
1733570,Michael Jones,+1-543-446-1000x6359
1698754,Thomas Johnson,433-415-7938x80466
1749956,David Ortiz,+1-345-426-7542x541
1713093,Colton Wright,(541)370-1791
1670088,Kristen Walters,001-343-585-5198x6631
1735625,Stanley Campbell,507.344.7865x42289
1706954,Christopher Alvarado,+1-703-692-7815x95823
1743816,David Gibbs,200-948-5659x699
1741771,Erika Erickson,+1-569-483-6108x00201
1674189,Tom Kerr,+1-596-596-3944x389
1731536,Dana Gallegos,349.786.9934
1694675,Dana Miller,324.971.4388x31241
1721299,David Smith,001-221-908-2414x37520
1651669,Mary Flowers,001-345-849-0700x52496
1684440,Jason Roth,(242)972-1932
1663964,Angela Lee,001-885-360-3790
1706973,Mary Rivera,001-962-483-4318
1735646,Edward Key,(714)719-4053
1719263,Nicholas Campbell,615-452-6240x93497
1651680,Emily Morgan,+1-777-846-2201x865
1737696,Dawn Thomas,967.481.4506
1715170,Lisa Peters,9985695790
1736698,Zachary Rose,001-614-990-6581x1390
1694692,Gail Ramirez,6177324455
1700837,Stephanie Peck,+1-699-393-0494
1682402,Mark Davis,341-537-9394x49749
1655784,Adriana Weber,6648588258
1651692,Mitchell Burton,7648532909
1739756,Rachel Combs DVM,+1-519-857-2694x120
1682416,David Acosta,616.578.7188x806
1676276,Tracey Crane,001-354-687-4578x14346
1723381,Jose Hammond,(863)570-5530
1676278,Rodney Bird,3409872240
1698806,Amber Miller,241-317-6179
1692664,Christian Grant,+1-631-334-6854x830
1702905,Michael Russell,780-742-7571
1655803,Sean Walker,937-345-6908x13582
1668092,Angela Scott,206.594.3914
1653760,Elizabeth Sullivan,001-416-376-5979x8969
1733637,Eric Edwards,+1-917-294-3848x7582
1747973,Derek Huang,8633335383
1674245,Cindy Washington,+1-653-682-9173x1683
1711112,Malik Stewart,409-569-5496x25523
1715209,Melissa Martinez,374.566.5000x90821
1713160,Angela Smith,(478)945-1775x3269
1715211,Luke Evans,(596)649-3723x2691
1713164,Brian Shaw,001-881-291-4354x766
1692683,John Moreno,+1-461-297-0349x12667
1651728,Rhonda Lamb,425-838-5126
1725457,Patrick Thomas,001-263-470-9469x40096
1696786,Daniel Daniel,+1-961-488-0376
1702932,Dwayne Larson,(680)827-1343
1668123,Andrew Hamilton,(594)296-5185x38832
1741851,Mrs. Amanda Miller,9148964521
1651739,Richard Lawrence,3564133770
1713182,Gary Eaton,001-883-684-7974
1653793,Michael Pineda,9985834899
1735714,Rick Hernandez,338-994-4287x41098
1686565,Stephen Jacobs,3582978935
1713190,Adam Roberts,990.630.2593x961
1672231,Maria Mendez,909.280.4345x45285
1653797,Michael Riley,+1-879-850-8914x6637
1684521,Nicole Combs,(621)910-2194x905
1684518,Nicholas Smith,001-587-795-8392x59829
1729579,Carolyn Allen,+1-402-599-2064x819
1684523,Patricia Scott,001-652-936-9934x12866
1682475,Chad Moore,249-410-8937x3524
1721390,Robert Wall,520.812.3540x70259
1674285,Felicia Cruz,728.574.2978
1670195,Shawn Aguilar,001-378-753-3801
1725495,Adam Hale,001-922-404-0948x31658
1692728,Dr. Brooke Spencer DDS,(314)782-7073x95912
1702969,Charlene Moore,813.259.8840
1698874,Paul Lewis,512-860-0144x8779
1702971,Brandon King,001-518-448-2043x92869
1674298,Traci Harris,923.776.3761x546
1655869,Crystal Chang,(340)820-8008x818
1696834,Mrs. Annette Simmons,001-865-833-0850x0727
1696836,Michael Rangel,001-207-216-4868x194
1737799,Ronnie Nelson,(814)669-2184x310
1682509,Jordan Castro,762.673.0433
1682514,Teresa Perkins,+1-641-980-1165
1719379,Terry Patrick,234.323.4840x521
1651796,Gabrielle Rojas,7615778952
1690708,Ryan Sanchez,475.951.2765
1721430,Glenn Stewart,001-848-637-6693
1733719,Courtney Jordan,(958)627-4243x84101
1696854,Mr. Jack Chavez,+1-668-655-9147
1678425,Aaron Rivera,(735)472-9833x111
1660007,Michael Spencer,+1-287-711-2221
1660008,Angela Noble,(576)745-0905x50978
1651817,Paige Shields,+1-826-684-9231
1746030,Michelle Torres,973.351.5554
1657973,James Mueller,001-951-955-8256x44921
1731702,Thomas Knox,(251)679-8190x675
1727612,Eric Hicks,(887)315-3463x3839
1692799,Timothy Tucker,441-781-2150x93277
1727618,Thomas Turner,001-662-613-5317x48484
1690754,Pamela Ho,268-939-7071
1694852,Jonathan Hebert,+1-261-764-5001x7617
1674370,Daniel Short,733.656.9480x75479
1707144,Christina Banks,759-591-5955x59388
1737865,Marie Molina,+1-306-571-6650
1660042,Scott Chung,+1-833-805-5667x8118
1692811,Tara Knapp,(945)418-9763
1682570,David Coleman,795-630-9434x8336
1705102,Kathryn Lopez,997-666-3999x78261
1709207,Cynthia Rojas,413.375.2760
1678487,Jacqueline Strickland,001-698-618-8217x852
1707163,Jasmine Jenkins,+1-934-846-9213x5068
1727644,Bernard Allen,001-915-824-3239x416
1744031,Julie Good,001-972-203-4645x419
1746079,Rachel Valentine,6679306135
1723553,Ashley Burke,+1-692-231-2558x269
1707169,Michael Snyder,(231)869-1082x80913
1739937,Laura Garza,390-624-8258x3097
1701028,Daniel Santos,001-262-774-9193x502
1705125,Stacy Peters,+1-747-978-4816x40890
1723556,Lance Gutierrez,001-668-350-0058x0919
1670313,Sean Pineda,744-461-6762
1684655,James Smith,+1-700-686-3875x589
1682610,Ann Moore,001-868-672-9267x4929
1686707,Michelle Martin,841.893.2862x79030
1701046,Johnny Guerrero,317.474.1149x46866
1737912,Ethan Turner,001-596-350-2671x4256
1651899,David Calderon,617-432-0826x3480
1715394,Robert Young,(208)592-8385
1686723,Krystal Macias,+1-829-350-1106x1497
1707208,Paul Peters,(812)734-6728x4092
1656010,Jodi Ray,(924)490-8309
1680587,Stephanie Lewis,882.757.2198x179
1688778,Kimberly Baker,(418)653-3114x67658
1666253,Jacob Jones,(604)545-2336
1709264,Brenda Johnson,(708)538-9677
1744080,Robin Hoover,+1-952-581-9497x1619
1711314,Kari Bryant,8879405988
1676499,James Gutierrez,(372)392-1632
1670356,Kristen Powers,+1-619-283-9540x653
1699027,Elizabeth Riley,421.388.3334x2137
1664215,Janice Pierce,498.372.7460
1690841,Craig Matthews,955.794.6190x142
1653982,Lindsey Sellers,001-585-396-7561
1662177,Miguel Allen,212-947-7255
1694946,Tina Hill,+1-401-371-8481x29920
1662185,Anna Rogers,782.860.7673
1711338,Stephen Smith,001-351-227-1939x21830
1662191,Scott Rivers,(841)330-8318x706
1727729,Bradley Foley,(566)520-7640
1748210,Jennifer Wolf,7848790824
1690867,Jessica Berry,001-300-206-4503x717
1744116,Francisco Jones,(332)870-9193x779
1672437,Tyler Arnold,644-770-3042x19002
1697016,Gina Davis,634-449-2670x192
1654011,Alvin Wheeler,593-422-6224x33348
1729789,Olivia Ellis,3134151791
1686783,Douglas Bailey,615-577-8385x559
1737983,Kenneth Thompson,001-517-332-3983x40006
1651969,Joseph Harper,001-494-600-3657x594
1656069,Amy Preston,276-743-2452x97360
1713416,Ronald Howard,562.844.2260x5705
1715464,Brandon Zamora,423.478.5948
1678600,Thomas Jenkins,+1-292-834-9866x524
1713417,Sandra Tanner,(586)413-7400x213
1746189,Nicole Pena,5562857815
1694991,Joseph Hamilton,001-800-710-4960x11470
1740047,Alexander Scott,410.982.0829
1697044,Mark Carroll DDS,+1-828-746-0122x9119
1733909,Lisa Rowe,+1-344-422-3673x192
1719573,Samuel Archer,6223024864
1684759,Anthony Jones,(876)756-8760x10079
1654037,Nicole Ramirez,6034635845
1721627,Anthony French,219-934-7585x65445
1686813,Ashley James,+1-323-709-5386x2292
1662240,Autumn Bishop,424-762-3414
1692960,Ruth Peterson,001-694-915-5024x0369
1705250,Phillip Martinez,+1-238-673-9634x4810
1692964,Heather Wilson,(366)894-2327x532
1684774,Mark Martinez,375-802-0120
1684775,Billy Wilson,(618)371-1700
1697064,Kevin Reeves,322.396.6511
1688872,Joshua Parker,001-336-624-6876x922
1703208,Alexis Gordon,001-480-721-6768x43424
1729836,Jeffery Nguyen,001-484-943-0282
1744185,Christopher Warner,652.953.4553x4036
1695034,Gregory Nichols,001-884-903-0816x54540
1695035,Susan Thomas,001-308-363-3642x637
1670460,Teresa Gonzales,442.583.9458x94625
1744191,Warren Stein,341.229.0045x584
1652036,Eduardo Foley,357-279-5411
1682757,Wendy Moore,625.260.8466
1701189,Kevin Keith,(912)499-6213
1727816,Jennifer Young,001-559-322-7397x82973
1658185,Phyllis Coleman,001-849-941-2946x745
1707339,Kim Carter,972-682-8720x608
1733963,Lauren Green,+1-935-431-8981x412
1660238,Rose Hampton,520.899.5008x32166
1746255,Ricky Marshall,(302)401-1166x76208
1709395,Jeffrey Dickerson,001-820-677-9054x7660
1715539,Vickie Brown,910-574-0550x4363
1733977,Christopher Orozco,001-225-209-4786x8303
1670489,Donald Roach,817-303-4604
1688923,Patricia Coleman,(871)564-1513
1674587,Jose Cole,001-760-946-6633x7827
1668446,Chelsea Kent,+1-687-401-0354x468
1674591,Ryan Foster,992.434.7095x4501
1666398,Kristen Sims,3189231435
1711458,Austin Mosley,(741)845-6794
1654114,Henry Lee,001-535-592-0318x0615
1738085,Lisa Vargas,600.735.7272
1742182,Donna Harding,(244)858-9795x3400
1717607,Michelle Bryant,2323028767
1682792,April Suarez,507.536.5947x8553
1713519,Garrett Moore,(684)626-4366
1699187,Paula Schwartz,+1-621-607-0028x7610
1703285,Virginia Mendoza,746-503-2348x99372
1721718,Hunter Mckenzie,653-625-2067x839
1701241,Samuel Harmon,001-708-365-8923
1682810,Sarah Brown,001-784-867-5243x81299
1666432,Ann Wilkerson,810-787-0722x10664
1668480,Jamie Wilson,867-548-4022
1676676,Jeffery Hartman,835-286-8835
1748359,Heidi Daniel,925.658.6813
1684873,Rebecca Hall,001-994-531-5519x77497
1686922,Christina Miller,260.743.2410x6898
1707401,Darrell Page,515.391.7336x850
1672589,Andrea Caldwell,323.546.7210x7346
1693070,Dawn Martin,904-714-5301x539
1744271,Russell Boone,6358135183
1746320,Scott George,229-423-4723x5487
1746321,Richard Harrison,001-843-252-3857
1731981,Lisa Velasquez,827-469-5868
1695121,Steven Wallace,001-841-464-1860
1705364,Regina Gonzalez,+1-363-249-7360x80172
1709458,Benjamin Chapman,798-534-8898
1711513,Teresa Romero,487.636.7972x760
1738138,Paul Lopez,797-499-0064x34439
1717661,Jonathan Phillips,001-389-559-3797x62481
1672608,Kenneth Perez,+1-629-838-3623x64781
1662369,Joseph King,+1-553-521-6966x527
1668515,Tim Parker,001-639-478-2620x42166
1709476,Sarah Collins,001-513-334-8746x40165
1711525,Timothy Schwartz,575.401.1407x719
1715624,Diana Williams,(680)273-7495
1729962,Joanna Hayes,6687305268
1727918,Rebecca Young,(216)800-2827x211
1711535,Gregory Vega,001-891-443-9935x98767
1705392,Paul Hess,2588884182
1670577,Mary Erickson,001-381-296-3560
1701300,Derek Smith,(207)850-7308x7171
1656245,Jason Chapman,+1-716-665-0475x325
1689016,Megan Murphy,+1-504-624-2877x508
1658304,Tyler Greene,253.712.1432
1670595,Sarah Morrison,207.518.6295x08674
1721799,Noah Taylor,+1-460-789-3139x1660
1682888,Hannah Jones,(588)673-0075
1703369,Anthony Johnson,+1-478-776-5856
1723860,Jessica Peters,001-736-823-1962x535
1713621,Richard Bradshaw,001-290-278-9965
1715673,Mark Jefferson,620-757-1032x8256
1664475,Terry Kramer,+1-479-304-8413x199
1738205,Amber Lopez,001-997-530-7234x768
1742301,Darius Norris,615.686.2101x055
1672671,Sandra Boyle,001-987-674-5085x435
1703395,Anthony Burton,(504)878-5785x82189
1705446,David Jackson,971-706-7316
1730023,Richard Marquez,(756)824-5293
1738222,Susan Reyes,748-748-7058x303
1713648,Charles Bowman,729.851.7589x960
1699314,Kyle Larson,531-575-0523
1709556,Douglas Lee,(673)667-5260x9989
1727990,Joseph Jackson,(689)974-6479
1666550,David Kerr,(729)945-5263x9914
1670648,Donald Bradford,892-693-6351x824
1691134,Jacob Jones,+1-242-687-2148x646
1680896,Andrew Gutierrez,747.274.1819x9149
1684992,Vincent Garcia,+1-988-619-1393x609
1711623,Joseph Holmes,(389)395-0831
1680904,Roger Rojas,856-761-0393x53987
1721867,Nancy Brooks,001-262-835-5665x0052
1654284,Lori Rodriguez,9436564019
1746445,Christine Patrick,710.257.9742x3807
1691150,Paula Hart,861.649.1582
1732112,Laurie Burke,+1-503-584-0738x516
1652244,Edward Mason,4689603005
1697301,Jose Hill,+1-659-205-7116x33305
1723926,Leonard Johnson,701.262.7381x715
1658392,Jeffrey Brennan,710.240.1264x7099
1721882,Kyle Macdonald,368.216.4019x809
1742368,Stacy Sheppard,001-676-641-0818
1707553,Emily Harrington MD,411-785-5931x04839
1740322,Lauren May,502-806-9840x56999
1689123,Joseph Morrison,591-886-0202x2772
1697317,Scott Stevenson,6973161922
1730085,Amanda Jones,(935)271-6257
1715751,Charles Smith,001-808-672-8981
1672744,Adam White,832.913.0089
1713703,Todd Turner,001-689-651-2373x057
1680939,Sharon Spears,(646)376-3299x012
1689132,Leah Banks,830-780-3948
1719858,Meredith Williams,001-540-507-7235x436
1678902,Christina Solis,522.238.8103
1742391,David Davidson,936-697-3537
1738301,Heather Johnson,+1-954-226-1574x27116
1717825,Bill Cantu,311-390-6211x5568
1664579,Monique Davis,001-443-743-9436
1713732,Jeffrey Massey,+1-508-717-6313x404
1660485,Stacie Wolfe,+1-935-337-2934x522
1748549,Michelle Moses MD,7056632304
1664583,Theresa Hogan,(791)831-9827
1748552,Victor Zamora,227.654.2399
1650248,Courtney Hickman,363.215.8936
1713735,William Navarro,665-571-6550
1742411,Anna Hawkins MD,909-512-6790x9472
1744452,Charles Cross,391.228.8669
1742413,Sheri Thomas,5412983961
1683022,Tammy Baldwin,770-214-9971x726
1746510,Steven Thomas,+1-725-425-4020x655
1693263,Robert Bautista,763.566.0732x7245
1662536,James Barron,+1-430-923-8444x4499
1728084,Brett Raymond,964-549-0909
1719899,Brian Mullins,+1-537-343-1836x9314
1740380,Megan Webb,001-386-970-6194
1715807,Ashley Hutchinson,+1-571-858-8262x6792
1711711,Alex Wilson,(548)545-5212
1652321,Amanda Hunt,548.234.4546
1672803,Christine Flores,(235)883-7893x17580
1717866,Desiree Poole,422-315-8922
1681003,Amber Glover,433.247.9487x087
1683051,Ricardo Liu,(962)393-2992x291
1740398,Janet Johnson,(675)613-7571x11667
1672815,Chelsea Lee,001-325-381-0607x2783
1728112,William Hunter,558-737-7071x95488
1746544,Stephanie Robinson,+1-330-228-2965x718
1732214,Terry Harris,386.682.6382x60395
1736314,Mercedes Russell,475-509-9587x73005
1719931,David Gaines,774-431-5150x20311
1652348,Edward Bell,(656)910-9456x97431
1724030,Laura Walker,591-497-7468
1701502,Rebecca Lynch,(956)319-3895x6344
1683077,Anne Owens,+1-471-885-8736
1689223,Rebecca Nelson,672.366.7848x1868
1676941,Brenda Hall,578-210-5938x712
1736335,Chris Turner,639.723.5691
1711764,William Beck,001-715-770-8760x342
1711766,Aaron Williams,+1-901-443-3775x63643
1736343,Nicholas Levy,001-720-553-4693x79242
1662618,Theresa Matthews,799-373-4655
1666719,Stephanie Bowman,576-509-6409x0929
1691296,Jose Ferguson,001-654-553-1813x35175
1705636,Angela Hernandez,259.386.9464
1701541,Rachel Murray,(759)687-0413
1670820,Theresa Davis,700.474.3814x573
1662629,Monique Gibson,+1-986-939-1691x694
1683116,Pamela Jones,001-856-257-1168x88688
1674927,Stephanie Sheppard,657.841.1264x353
1683120,Jamie Wilcox,+1-860-584-5467x0788
1715892,Angela Hill,550.527.1053x83681
1672892,Kristen Price,001-236-948-3251x8044
1674944,Francisco Marshall,(552)710-2473x2385
1705667,Elizabeth Miller,6595167602
1683144,Jeffrey Hobbs,995.488.3529
1736393,Marcus Stewart,+1-818-413-9978x21264
1713864,Michelle Campbell,991-421-4847x1081
1734349,Jennifer Alvarez,800-656-2119
1713872,Julie Duncan,(901)468-0904x64108
1652433,Kenneth Henderson,+1-600-265-6007x67598
1677008,Ashley Pham,(609)238-4721x35259
1701591,Mark Blevins,6308560998
1679063,Lisa Gilmore,001-685-372-2541x52202
1668825,Kenneth Blackwell,3484431408
1693401,Leslie Chavez,001-670-281-0991x184
1695447,Lori Waters,+1-334-510-7504x9823
1683161,Mrs. Christina Ramos MD,7226934841
1670878,James Ortega,937.399.9998x1002
1703647,Antonio Oconnor,+1-444-746-8546x6893
1703648,Beth Smith,848-812-8478
1738464,Paul Baker,+1-243-563-5853x5114
1699553,Sean Morris,3064909737
1734369,Jessica Bailey,285-835-4468x548
1732320,Donna Hammond,908-647-0933x71797
1660645,Ethan Kline,001-260-367-6761x370
1650399,Cody Williams,675-355-0116
1679084,Jesse Callahan,550-259-4446
1740526,John White,+1-658-556-5943
1728239,Michael Jefferson,526-958-9419x3630
1664752,William Clark,001-306-935-7281
1687281,Kevin Turner,(367)848-0278x237
1662705,Donna Greene,554.896.2865x507
1658611,Erin Ford,705.618.2457x3922
1707764,Jennifer Boyd,+1-979-625-2342x53209
1666802,Tabitha Cooley,+1-919-690-9047x0131
1664758,Mary Martin,679.471.7787x1023
1695473,Robin Jones,808.921.9885x27521
1674996,Tiffany Perez,(260)428-6199
1675001,Edward Watson,971-211-0743
1660666,James Contreras,001-939-203-2295
1718009,Diana Horton,3419514571
1683200,Richard Peck,6857814953
1650432,Joseph Henson,(358)977-5513x61219
1705729,Jeremy Rivera,+1-265-365-4311x9871
1672965,Douglas Williamson,656.305.2689
1718021,Jasmine Hall,+1-824-544-3761x49212
1685254,Alyssa Jones,(531)349-7325
1705736,Larry Oconnor,001-390-613-3288x62069
1738502,Hannah Anderson,(238)375-8908
1730315,Angela Rodriguez,549.940.5056x484
1738510,David Giles,+1-679-984-7492x8585
1740559,Kelly Thomas,+1-671-563-7899x40407
1675028,Jonathan Rodriguez,(808)520-9091
1675031,Ryan Jones,001-821-561-8433x733
1668888,Sarah Jones,(557)609-7339
1656604,Felicia Bernard,4232582901
1697785,Daniel Anderson,(616)547-9502
1695519,Matthew Turner,748.763.6949x566
1711905,Natasha Diaz,(223)828-3667
1662755,Jonathan Cooper,001-233-256-8908x1747
1654564,Katherine Williams,531.378.7073x782
1711907,Amanda Harris,(740)910-1009
1689379,Tyler Jones,(325)667-6656
1722151,Courtney Gardner,964-930-4029
1672999,Brian Holden,+1-510-821-1391x24853
1679144,Jodi Martinez,001-411-556-2971x78508
1738537,James Lloyd,987-607-7101x079
1666859,Kayla Higgins,203-957-0010
1675054,Joseph Duarte,732-581-2592
1732398,Jasmine Garrett,673-998-0574x8084
1685296,David Monroe,706-577-8897
1693489,Derrick Clarke,(798)544-1699
1654576,Stephen Clay,282-794-0276
1705776,Jason Jones,602-768-3580x614
1718068,Morgan Riley,(290)748-7655x01232
1687349,Karen Miller,874.346.5355
1685301,Mary Russell,001-241-696-4205x12033
1736501,Kelly Bailey,408-362-9637x4093
1662776,Judith Miller,231.282.2369x770
1675065,James Harmon,619.233.6759
1695546,Stephen Lopez,5933285702
1726266,Marie Burke,977.687.0445
1734460,Whitney Long,257.793.7830
1720116,Jennifer Garcia,(960)606-6567x1728
1660730,Emily Cantrell,803-904-9523x0507
1724223,Shannon Williams,+1-738-994-4095x856
1744705,Joshua Watson,7105844122
1652547,Crystal Sanchez,261.453.7002x7668
1734470,Chad Chen,+1-568-458-7298
1736526,Brittany Dunn,949.983.9200x760
1705808,Margaret Davis,3948508413
1697616,Robin Rice,7544473320
1660752,Deanna Foley,861.497.2185x4741
1740629,Kevin Ross,(797)685-9022
1662809,Chase Wilson,001-444-784-7065x6949
1738590,Patrick Palmer,487.688.7149x0859
1730399,Patrick Martinez DDS,705-455-4541x66900
1654623,Tiffany Davis,(708)522-4127x628
1675103,Diana Gomez,704-547-5862x73407
1689443,Erin Lester,4857148309
1666915,Bradley Summers,(517)695-6823
1693543,James Ray,(358)277-7216x941
1716072,Megan Shaffer,+1-552-322-7850x6853
1693544,Cassandra Ortega,(430)996-7336x7380
1662824,Deborah Harris,9203083394
1738606,Vincent Hernandez,+1-477-551-2573x7221
1675120,Carolyn Wells,(357)372-9300
1720177,Joseph Silva,8825273535
1681264,Kenneth Spencer,379-269-6352x990
1650547,Henry Simon,+1-811-925-0055x87184
1746804,Jason Smith,001-880-899-8234x5441
1677173,Shannon Joseph,211.755.5884x4505
1658742,Jennifer Edwards,689-257-9260x0065
1673078,Victoria Walker,001-761-788-1424
1724282,Michael Campbell,001-569-768-6178x678
1730435,Olivia Butler,831-840-5660x074
1732483,Scott Turner,256.762.1227x39738
1673094,Gabriel Martinez,466-694-7958x195
1650566,Alexis Roberts,+1-499-876-7790
1707910,Nathaniel Phillips,+1-970-666-5743
1689483,Cody Bean,(740)379-1819x6943
1703820,Trevor Walker,256.341.2898x5911
1714063,Elizabeth Stone,529.307.5035
1675152,Cheryl Chen,(768)533-7886x7517
1716114,Lisa Pearson,529.478.1123x30520
1677203,Stephen Smith,001-220-801-2315x296
1658771,Jared Hartman,2015363113
1693597,Mary Lam,001-503-411-5264x8141
1691550,Tiffany Obrien,(923)317-6967x218
1654687,Angela Leon MD,+1-870-805-3761x29849
1671072,Jasmine Johnson,215-278-6854x2513
1652641,George Mitchell,4217292707
1736607,Henry Riley,741.279.9892x864
1709985,Heather Mitchell,2205377219
1693603,Alexander Le,862.770.6261x442
1730470,Kristen Garrett,001-700-600-0310x99495
1703848,Christine Brown,(267)334-9186x30086
1746859,Katherine Hendricks,768-209-8764x6797
1740718,Harold Rose,203-477-4581x1302
1681327,Jesse Lewis,490.495.9023
1701808,Anthony Davis,001-465-981-0262x85647
1673137,Kelly Williams,537-673-5125x31713
1712050,Zachary Chen,423-382-7291
1677234,Alexandria Sanders,376-239-6394x87049
1714100,Sarah Smith,+1-830-458-4259
1748916,Kelly Wheeler,247.967.5117x373
1683380,Mark Hines,001-416-754-9193x4413
1691573,Taylor Dodson,7147548774
1656762,Michael Vance,+1-479-942-4788x390
1664955,Joseph Kennedy,+1-294-884-7993x959
1716160,Kevin Ayala,740.738.3642
1722307,Allison Sims,001-888-913-2975x61869
1675203,Paul Garcia,883-576-4443x91759
1689542,Laura Guzman,001-286-842-1894
1679302,Michael Griffith,+1-585-558-6627
1662922,Tyler Franco,2252535951
1669067,Jesse Anderson,001-848-208-9957
1746892,Katie Gibson,459.211.8318x3399
1736651,Mary Patterson,674-328-7512x827
1724365,Katherine Smith,+1-691-600-6627
1650643,Nicholas Olson,+1-484-799-8362x07159
1656787,Jeffrey Booker,(529)277-1424
1716181,Morgan Hubbard,+1-380-520-6999x9979
1699799,Kim Smith,742.229.8516x072
1736665,Bradley Medina,+1-895-229-6929x9848
1710045,Larry Ward,874-378-9443x1116
1658846,Matthew Gentry,9425581550
1677278,Christopher Duarte,690-685-7843
1669090,Stephanie Marshall,913.362.0417
1710051,Alfred King,+1-303-231-2520x4519
1685476,Dylan Vincent,+1-324-644-9861x90002
1705956,Mark Garza,605.807.5950x3297
1746671,George Cole,(415)525-8900x80325
1726439,Mr. Shane Morris,(380)251-9389x99828
1718248,Amy Mendoza,001-225-261-7742
1728490,Marcus Baldwin,901-408-6078
1716207,Tammie Elliott,+1-333-913-5865x631
1693686,Jennifer Campos,897-577-4271x527
1650679,Adam Brown,480.868.9835x021
1705977,Sheila Coffey,(604)411-0458x93516
1708026,Katherine Baker,(937)401-2624x1188
1703934,Thomas Edwards,2638428389
